transaction_id,name,email,amount,transaction_date,client_location
T-1-67.63636363636364_0.76,Adria Pugh,odio.a.purus@protonmail.edu,$375.39 ,1/10/2024 1:16,"6.602635264, -98.2909591552"
T-2-135.27272727272728_1.52,Brian Gregory,sed.pede@hotmail.ca,$332.05 ,1/3/2024 10:41,"51.110318592, -77.2466440192"
T-3-202.9090909090909_2.28,September Bishop,vestibulum.neque@yahoo.ca,$762.99 ,1/5/2024 1:40,"-1.4714172416, -142.375595008"
T-4-270.54545454545456_3.04,Kimberley Mcgee,mollis.phasellus@icloud.net,$322.12 ,1/6/2024 11:51,"25.8747932672, -58.2515326976"
T-5-338.1818181818182_3.8,Angelica Melton,tempor@outlook.couk,$591.08 ,12/10/2023 1:49,"10.8277878784, -49.542523904"
T-6-405.8181818181818_4.56,Amena Burch,lacinia.mattis.integer@yahoo.couk,$316.02 ,12/21/2023 5:06,"-27.20507648, 175.0686826496"
T-7-473.45454545454544_5.32,Darius Zamora,enim.commodo.hendrerit@aol.com,$693.59 ,1/26/2024 18:22,"66.551152128, 54.5364553728"
T-8-541.0909090909091_6.08,Alfonso Ferguson,neque.in.ornare@yahoo.couk,$775.96 ,1/6/2024 8:42,"37.1897677824, -159.5061587968"
T-9-608.7272727272727_6.84,Maisie Manning,eu@aol.net,$428.36 ,12/8/2023 9:18,"38.3285318656, -19.3437571072"
T-10-676.3636363636364_7.6,Naida Dean,nulla.in.tincidunt@outlook.edu,$43.76 ,1/25/2024 13:55,"-7.1572774912, -12.3204614144"
T-11-744_8.36,Chaney Ayala,erat.sed@hotmail.ca,$611.67 ,12/20/2023 23:28,"82.4932258816, 58.8326957056"
T-12-811.6363636363636_9.12,Shea Baker,cursus.non@outlook.edu,$37.42 ,1/16/2024 17:24,"40.3881433088, -158.0929560576"
T-13-879.2727272727273_9.88,Darius Santos,metus.in@hotmail.edu,$171.53 ,1/16/2024 2:01,"-10.7566500864, -60.6653807616"
T-14-946.9090909090909_10.64,Ainsley Walton,tristique@google.ca,$968.55 ,1/30/2024 17:52,"-71.2187165696, 155.8051712"
T-15-1014.5454545454545_11.4,Kylynn Burton,donec.at@yahoo.ca,$761.74 ,1/25/2024 8:48,"52.3972158464, 177.953146368"
T-16-1082.1818181818182_12.16,Dennis Phelps,tincidunt.nunc@yahoo.couk,$455.54 ,12/12/2023 15:30,"-64.5630226432, 96.1477569536"
T-17-1149.8181818181818_12.92,Uta Farmer,pede.ac@icloud.ca,$714.38 ,12/13/2023 15:41,"-13.499331584, 19.0076841984"
T-18-1217.4545454545455_13.68,Darrel Singleton,pellentesque@protonmail.edu,$991.20 ,12/26/2023 16:45,"-18.4845073408, -172.65881856"
T-19-1285.090909090909_14.44,Geraldine Mercado,et@google.edu,$887.16 ,1/3/2024 13:57,"-48.3174342656, 58.9573828608"
T-20-1352.7272727272727_15.2,Demetrius Joyce,quam@aol.edu,$153.58 ,12/31/2023 15:38,"6.4354371584, 20.521202688"
T-21-1420.3636363636363_15.96,Lester Weeks,taciti.sociosqu@google.org,$634.17 ,12/17/2023 2:39,"-1.4028494848, 24.4248983552"
T-22-1488_16.72,Sawyer Bridges,ante@google.couk,$177.88 ,1/15/2024 6:46,"-29.8161922048, 94.3298591744"
T-23-1555.6363636363637_17.48,Linda Higgins,interdum.enim.non@yahoo.com,$932.66 ,12/24/2023 6:38,"-57.4546397184, -73.5832220672"
T-24-1623.2727272727273_18.24,Dahlia Roy,posuere.cubilia@hotmail.ca,$265.72 ,1/24/2024 7:54,"-62.9240599552, 116.5747582976"
T-25-1690.909090909091_19,Audrey Pierce,et.eros@google.edu,$862.10 ,1/2/2024 18:11,"-20.3629533184, -32.738448896"
T-26-1758.5454545454545_19.76,Xenos Griffin,leo.morbi.neque@icloud.ca,$872.82 ,1/30/2024 0:56,"85.2921426944, 97.7185963008"
T-27-1826.1818181818182_20.52,Logan Underwood,massa@google.org,$366.19 ,12/20/2023 10:37,"-0.630785536, 131.9115717632"
T-28-1893.8181818181818_21.28,Tana Callahan,dui@aol.net,$974.79 ,1/9/2024 20:11,"45.9052002304, -89.392775168"
T-29-1961.4545454545455_22.04,Gregory Mcbride,neque.sed@google.edu,$957.25 ,1/30/2024 16:39,"-5.997956608, 42.0003318784"
T-30-2029.090909090909_22.8,Malik Compton,dapibus@icloud.edu,$975.99 ,1/22/2024 1:43,"-82.061607936, -128.0814157824"
T-31-2096.7272727272725_23.56,April Diaz,arcu.vestibulum@outlook.couk,$89.99 ,12/10/2023 12:26,"54.559261696, -164.2208912384"
T-32-2164.3636363636365_24.32,Daquan Reeves,nullam.vitae.diam@google.edu,$180.77 ,1/16/2024 15:31,"-2.9197080576, 29.6385340416"
T-33-2232_25.08,Abbot Holman,sit.amet.dapibus@icloud.edu,$214.80 ,1/21/2024 20:49,"-17.30339072, -147.4146364416"
T-34-2299.6363636363635_25.84,Ariana Austin,non.enim@yahoo.com,$400.74 ,1/9/2024 0:39,"-41.1626771456, -124.7303814144"
T-35-2367.2727272727275_26.6,Kerry Lambert,in.tempus@hotmail.ca,$462.35 ,12/5/2023 13:11,"-79.271648256, 177.188737536"
T-36-2434.909090909091_27.36,Shellie Gardner,cursus@icloud.ca,$681.93 ,12/9/2023 5:18,"87.284511232, -58.2886792192"
T-37-2502.5454545454545_28.12,Yeo Blankenship,vestibulum.neque@yahoo.edu,$836.27 ,12/24/2023 22:09,"-20.1467416576, -71.3218057216"
T-38-2570.181818181818_28.88,Amelia Johnston,accumsan.laoreet@icloud.com,$132.00 ,12/28/2023 17:36,"28.934802432, -158.856772096"
T-39-2637.818181818182_29.64,Raphael Haney,accumsan.laoreet@outlook.couk,$578.20 ,12/4/2023 19:57,"-16.2186353664, -67.6900653056"
T-40-2705.4545454545455_30.4,Kiara Flores,tincidunt.nibh@protonmail.com,$370.36 ,12/9/2023 15:37,"-38.7182142464, 55.2317316096"
T-41-2773.090909090909_31.16,Abdul Ball,quis.lectus@google.com,$448.76 ,12/30/2023 15:03,"75.92361728, -4.9287332864"
T-42-2840.7272727272725_31.92,Otto Garza,fermentum@aol.edu,$271.87 ,1/2/2024 21:50,"-27.8050487296, -137.9585311744"
T-289-19546.909090909092_14.760752688172044,Roanna Velasquez,cras.pellentesque.sed@aol.edu,$776.18 ,1/1/2024 21:20,"-37.796530176, 23.6695759872"
T-43-2908.3636363636365_32.68,Ashton Bean,non.enim@aol.com,$215.27 ,12/1/2023 23:56,"57.8425153536, -99.4514623488"
T-44-2976_33.44,Rhonda Baxter,lorem.fringilla@icloud.org,$669.51 ,1/13/2024 22:47,"37.8503330816, 160.2700777472"
T-45-3043.6363636363635_34.2,Marah Harrison,quis@aol.net,$57.54 ,12/15/2023 9:47,"29.888840704, -133.2336697344"
T-46-3111.2727272727275_34.96,Sonia Brown,massa.integer@icloud.ca,$72.82 ,1/1/2024 6:30,"54.965549568, 94.9074628608"
T-47-3178.909090909091_35.72,Jaquelyn Day,pede@outlook.ca,$7.82 ,12/29/2023 2:23,"32.4265259008, -49.3255579648"
T-48-3246.5454545454545_36.48,Fiona Short,scelerisque.lorem@google.com,$924.60 ,1/27/2024 12:57,"-46.1070270464, 12.1283017728"
T-49-3314.181818181818_37.24,Melodie Skinner,duis.cursus.diam@hotmail.couk,$756.19 ,1/21/2024 17:14,"6.577983488, -88.3080516608"
T-50-3381.818181818182_38,Ebony Buchanan,habitant.morbi@protonmail.ca,$638.92 ,1/26/2024 8:54,"86.521458176, -60.027368448"
T-51-3449.4545454545455_38.76,Alan Aguirre,parturient.montes.nascetur@icloud.ca,$656.30 ,1/16/2024 19:55,"-33.1121278976, -29.447846912"
T-52-3517.090909090909_39.52,Isadora Marks,vivamus.rhoncus@google.org,$835.30 ,12/5/2023 2:23,"-45.9581919232, 94.2277874688"
T-53-3584.7272727272725_40.28,Sylvia Mcfarland,nunc.sed.libero@protonmail.couk,$590.53 ,1/18/2024 15:46,"-9.9383021568, -131.0880705536"
T-54-3652.3636363636365_41.04,Dacey Guerra,quis.pede@hotmail.ca,$946.82 ,12/27/2023 2:34,"60.1998107648, -8.8171052032"
T-55-3720_41.8,Vance Cunningham,dui.suspendisse@google.net,$115.85 ,12/6/2023 13:56,"-21.4807433216, -153.7784653824"
T-56-3787.6363636363635_42.56,Brody Carpenter,est.ac.facilisis@yahoo.ca,$677.21 ,1/22/2024 22:48,"-83.732718592, 26.8803492864"
T-57-3855.2727272727275_43.32,Cameron Rollins,neque.sed@hotmail.net,$52.54 ,1/20/2024 22:28,"-26.3469796352, 39.0250391552"
T-58-3922.909090909091_44.08,Zorita Luna,duis.at@outlook.net,$698.05 ,12/5/2023 14:54,"-9.8130719744, 72.9010399232"
T-59-3990.5454545454545_44.84,Gavin Estes,magna.sed@hotmail.com,$885.42 ,1/2/2024 13:15,"-37.739677696, 1.8520748032"
T-60-4058.181818181818_45.6,Mufutau Case,posuere.cubilia@aol.net,$995.24 ,12/18/2023 1:51,"-25.3427002368, -39.9496482816"
T-61-4125.818181818182_46.36,Cara Duke,gravida@aol.org,$735.48 ,12/6/2023 1:53,"-50.4444122112, -111.2885248"
T-62-4193.454545454545_47.12,Hasad Burke,at.egestas@icloud.ca,$837.08 ,12/5/2023 0:42,"-15.277167616, -71.799684608"
T-63-4261.090909090909_47.88,Tara Malone,ut.quam.vel@protonmail.couk,$514.29 ,12/8/2023 4:04,"-59.9538292736, -70.0561598464"
T-64-4328.727272727273_48.64,Colorado Campos,phasellus@protonmail.couk,$276.57 ,1/25/2024 1:23,"3.5883424768, -148.2711468032"
T-65-4396.363636363636_49.4,Mara Sparks,luctus.et@yahoo.ca,$402.81 ,12/22/2023 15:20,"-20.1579698176, -34.2521165824"
T-66-4464_50.16,Joan Johnston,a@icloud.ca,$537.75 ,12/10/2023 8:18,"-68.7904406528, -40.3338959872"
T-67-4531.636363636364_50.92,Aretha Pratt,eros.non@aol.ca,$694.75 ,1/17/2024 0:57,"-34.2365700096, 138.8519871488"
T-68-4599.272727272727_51.68,Uma Rosales,nec.cursus@hotmail.net,$581.89 ,1/24/2024 7:02,"-81.771526656, 104.5271503872"
T-69-4666.909090909091_52.44,Reese Haynes,vivamus.sit@yahoo.couk,$475.62 ,1/27/2024 14:47,"-74.4794116096, -175.3459222528"
T-70-4734.545454545455_53.2,Sydney Cooper,dolor.sit@protonmail.com,$304.05 ,1/12/2024 1:53,"-44.8435449856, 45.5321025536"
T-71-4802.181818181818_53.96,Larissa Farley,feugiat@aol.com,$94.57 ,12/30/2023 12:54,"-64.4102289408, 177.062508032"
T-72-4869.818181818182_54.72,Jena Glass,arcu.eu.odio@outlook.couk,$764.43 ,1/26/2024 12:21,"20.8269509632, 60.915060736"
T-73-4937.454545454545_55.48,Martin Mccall,mauris.ut@aol.ca,$85.08 ,12/3/2023 7:16,"81.5023707136, -37.020611072"
T-74-5005.090909090909_56.24,Gregory Horton,molestie@icloud.couk,$456.18 ,1/27/2024 20:10,"83.438016, -156.2499397632"
T-75-5072.727272727273_57,Garrison Petersen,nulla.magna@hotmail.ca,$831.39 ,12/17/2023 17:28,"-28.786975744, -104.1054820352"
T-76-5140.363636363636_57.76,Jamalia Malone,lorem.semper.auctor@aol.ca,$631.67 ,12/4/2023 13:38,"35.85724672, -151.2587109376"
T-77-5208_58.52,Kylynn Molina,sapien.cursus@google.edu,$747.12 ,12/18/2023 21:44,"12.5912379392, -121.1892125696"
T-78-5275.636363636364_59.28,Mariam Osborne,nunc.interdum@hotmail.com,$786.98 ,12/16/2023 21:51,"-8.7872001024, -152.2360773632"
T-79-5343.272727272727_60.04,Hannah Walters,et.euismod.et@google.org,$542.80 ,12/30/2023 2:34,"31.3239912448, -16.6246407168"
T-80-5410.909090909091_60.8,Danielle Tyson,dui.nec@outlook.net,$462.62 ,12/15/2023 20:49,"-37.7209230336, -105.2278642688"
T-81-5478.545454545455_61.56,Dana Whitehead,montes.nascetur@outlook.org,$242.53 ,1/17/2024 18:45,"-52.378407424, -32.4732510208"
T-82-5546.181818181818_62.32,Mara Greene,dolor.nulla.semper@yahoo.couk,$293.79 ,12/15/2023 12:23,"22.2487684096, 90.5563208704"
T-83-5613.818181818182_63.08,Zachery Ray,nullam.lobortis@google.ca,$70.83 ,1/11/2024 17:39,"29.702931968, 129.2073595904"
T-84-5681.454545454545_63.84,Micah Cobb,fringilla.porttitor.vulputate@protonmail.org,$411.45 ,1/11/2024 3:12,"49.0790112256, 23.064918528"
T-85-5749.090909090909_64.6,Sophia Barrett,eget.dictum@hotmail.org,$61.55 ,1/24/2024 1:51,"-38.4460520448, -38.7348429824"
T-86-5816.727272727273_65.36,Wendy Wallace,purus.mauris@protonmail.ca,$24.72 ,1/6/2024 18:59,"-36.5162720256, -0.764651008"
T-87-5884.363636363636_66.12,Merrill Clements,purus.nullam@google.com,$843.93 ,12/3/2023 12:09,"-52.6695078912, 134.9984801792"
T-88-5952_66.88,Shelley Gallagher,turpis.egestas@protonmail.ca,$126.15 ,1/1/2024 18:10,"-6.0330688512, -54.388892672"
T-89-6019.636363636364_67.64,Anastasia Head,at@icloud.ca,$932.05 ,1/10/2024 8:26,"-64.578579968, 154.2119364608"
T-90-6087.272727272727_68.4,Rooney Chaney,netus.et.malesuada@aol.edu,$339.96 ,12/16/2023 14:12,"-72.1655026688, -6.9113203712"
T-91-6154.909090909091_69.16,Kylan Montgomery,sem.pellentesque.ut@protonmail.couk,$864.63 ,12/22/2023 2:47,"30.3217031168, 23.5192073216"
T-92-6222.545454545455_69.92,Graiden Kirby,augue.ac.ipsum@outlook.ca,$151.98 ,1/28/2024 21:24,"-20.985080832, 105.2529810432"
T-93-6290.181818181818_70.68,Jada Boyer,eu.tellus@protonmail.ca,$488.59 ,1/12/2024 20:30,"-72.284895744, -154.1233024"
T-94-6357.818181818182_71.44,Ashely Blake,neque@google.ca,$646.18 ,1/20/2024 4:02,"-40.1874453504, -65.5137052672"
T-95-6425.454545454545_72.2,Basil Francis,euismod.enim@protonmail.ca,$197.98 ,12/15/2023 7:44,"86.2527807488, -49.4704070656"
T-96-6493.090909090909_72.96,Alyssa Watts,at.fringilla.purus@icloud.couk,$86.16 ,12/30/2023 14:44,"20.7224513536, -20.7102287872"
T-97-6560.727272727273_73.72,Ashton Blackwell,curabitur@hotmail.com,$851.43 ,1/17/2024 6:18,"-23.6508884992, -136.4865778688"
T-98-6628.363636363636_74.48,Kerry Diaz,facilisis@google.org,$507.66 ,12/6/2023 21:29,"43.8973545472, 131.4044447744"
T-99-6696_75.24,Heather Flowers,non.magna.nam@aol.ca,$627.18 ,12/4/2023 18:33,"-68.8665857024, 2.2354285568"
T-100-6763.636363636364_76,Aaron Chang,nisi.sem@protonmail.ca,$696.37 ,12/27/2023 8:48,"42.3388654592, -95.4815766528"
T-101-6831.272727272727_76.76,Henry Welch,ut.nec.urna@yahoo.edu,$476.87 ,1/11/2024 11:56,"-49.3016388608, -109.6588665856"
T-102-6898.909090909091_77.52,Indira Velasquez,commodo.at.libero@yahoo.net,$971.60 ,12/7/2023 10:52,"-21.88531456, 176.3145455616"
T-103-6966.545454545455_78.28,Roary Woodard,molestie.orci@protonmail.net,$224.29 ,12/2/2023 23:38,"31.9881146368, -141.9009035264"
T-104-7034.181818181818_79.04,Flynn Silva,aliquam@yahoo.edu,$824.41 ,12/25/2023 21:07,"-87.6126686208, 157.1019158528"
T-105-7101.818181818182_79.8,Brenda Potter,sodales.purus.in@hotmail.net,$770.63 ,12/20/2023 10:26,"-27.7231041536, 78.205275648"
T-106-7169.454545454545_80.56,Flynn Nichols,et.ipsum@icloud.ca,$473.69 ,1/5/2024 21:16,"65.8007282688, 150.333974528"
T-107-7237.090909090909_81.32,McKenzie Delgado,ut.cursus.luctus@outlook.net,$789.08 ,12/21/2023 1:55,"26.2629583872, 158.8093792256"
T-108-7304.727272727273_82.08,Unity Mcgowan,non.egestas@yahoo.net,$356.17 ,1/12/2024 16:48,"82.8490940416, 122.5953978368"
T-109-7372.363636363636_82.84,Yoshi Hodges,vitae.risus.duis@icloud.edu,$574.48 ,12/9/2023 6:53,"58.187132928, 77.2272648192"
T-110-7440_83.6,Ishmael Guy,turpis.non.enim@google.net,$39.37 ,1/10/2024 3:19,"16.9696065536, -174.2728114176"
T-111-7507.636363636364_84.36,Vanna Cortez,natoque.penatibus@google.com,$109.95 ,1/17/2024 19:23,"-71.109898752, -41.49267968"
T-112-7575.272727272727_85.12,Lamar Stephens,aliquet.phasellus@icloud.com,$376.18 ,12/4/2023 15:52,"78.3105596416, -84.62331648"
T-113-7642.909090909091_85.88,Maisie Ford,blandit@aol.edu,$760.07 ,12/20/2023 7:05,"-59.8970420224, 90.63071232"
T-114-7710.545454545455_86.64,Quin Clements,convallis.in@icloud.edu,$702.16 ,1/9/2024 6:54,"56.7660618752, -132.8922903552"
T-115-7778.181818181818_87.4,Ross Phelps,enim.condimentum.eget@hotmail.org,$532.87 ,1/27/2024 17:16,"-64.194320384, 38.5189513216"
T-116-7845.818181818182_88.16,Graham Langley,vehicula@icloud.edu,$188.05 ,1/20/2024 6:13,"-8.3657713664, 96.4898373632"
T-117-7913.454545454545_88.92,Carla Dillon,odio@outlook.org,$259.42 ,1/14/2024 1:12,"85.5062546432, -117.495815168"
T-118-7981.090909090909_89.68,Laura Sherman,duis.cursus.diam@hotmail.ca,$135.51 ,12/30/2023 15:05,"-86.698397696, -136.2517453824"
T-119-8048.727272727273_90.44,Zachary Knowles,suspendisse.non.leo@google.org,$639.69 ,1/18/2024 7:41,"17.5184192512, -129.2482006016"
T-120-8116.363636363636_91.2,Ira Hart,sed.est@yahoo.org,$328.97 ,1/21/2024 12:40,"-23.3399415808, -32.4910752768"
T-121-8184_91.96,Vladimir Jefferson,aliquet.libero@hotmail.ca,$80.53 ,1/16/2024 2:44,"-43.6897630208, 74.5983958016"
T-122-8251.636363636364_92.72,Ria Lynn,pede.cum@aol.ca,$773.41 ,1/7/2024 18:39,"-23.944151552, -69.4621903872"
T-123-8319.272727272728_93.48,Cyrus Rodriguez,mus@google.edu,$759.76 ,1/25/2024 20:16,"15.7819573248, -50.876848128"
T-124-8386.90909090909_94.24,Noble Ruiz,rutrum.urna.nec@hotmail.com,$447.82 ,12/1/2023 17:49,"-25.5821888512, 145.536442368"
T-125-8454.545454545454_95,Zenaida Madden,nostra@icloud.couk,$803.15 ,12/27/2023 13:32,"-58.598079488, 129.7108594688"
T-126-8522.181818181818_95.76,Idola Booker,vel@outlook.com,$632.18 ,1/26/2024 18:54,"-76.1918616576, -44.6188393472"
T-127-8589.818181818182_96.52,Nero Berry,ut@yahoo.com,$72.07 ,12/5/2023 9:40,"-44.1818361856, -9.7595782144"
T-128-8657.454545454546_97.28,Yolanda Baird,nulla@protonmail.org,$814.11 ,12/18/2023 15:48,"-14.4623781888, -115.8647668736"
T-129-8725.09090909091_98.04,Fatima Weeks,auctor@protonmail.couk,$567.00 ,1/3/2024 4:53,"-5.2845043712, -5.7863539712"
T-130-8792.727272727272_98.8,Louis Bowen,vehicula@protonmail.couk,$479.67 ,12/22/2023 23:54,"-64.1019597824, -152.4595800064"
T-131-8860.363636363636_99.56,Abdul Hicks,magna@icloud.edu,$239.87 ,12/26/2023 15:27,"85.6915098624, 108.5262174208"
T-132-8928_100.32,Ray Allen,sed.pede.cum@outlook.edu,$274.64 ,1/29/2024 7:54,"-83.420192768, 68.8524965888"
T-133-8995.636363636364_101.08,Charlotte Callahan,aliquet.metus.urna@protonmail.com,$662.59 ,1/26/2024 8:24,"82.9580310528, -65.9323526144"
T-134-9063.272727272728_101.84,Aurora Blair,eleifend.non.dapibus@aol.ca,$453.12 ,1/5/2024 1:34,"85.8925374464, 8.7755945984"
T-135-9130.90909090909_102.6,Coby Moody,sodales.mauris.blandit@icloud.org,$691.72 ,1/7/2024 14:03,"83.1772228608, -91.3056431104"
T-136-9198.545454545454_103.36,Hu Boyer,ultricies.dignissim@icloud.org,$793.02 ,12/23/2023 22:34,"-5.2967686144, 80.9913824256"
T-137-9266.181818181818_104.12,Gloria Gilmore,vel.pede.blandit@protonmail.com,$582.66 ,1/4/2024 21:55,"28.2213108736, -66.4135441408"
T-138-9333.818181818182_104.88,Gay Neal,mollis@protonmail.couk,$968.89 ,12/5/2023 8:26,"-36.237873152, 179.96077056"
T-139-9401.454545454546_105.64,Vanna Oneal,lectus.a.sollicitudin@hotmail.couk,$153.46 ,1/30/2024 20:13,"63.4323638272, 149.912730624"
T-140-9469.09090909091_106.4,Hiram Harmon,proin.dolor@protonmail.couk,$162.71 ,12/31/2023 3:30,"-86.5531424768, -88.3929626624"
T-141-9536.727272727272_107.16,Sybil Marshall,magna@hotmail.ca,$698.38 ,1/19/2024 6:36,"81.915085824, 125.4211846144"
T-142-9604.363636363636_107.92,Idona Pratt,integer.in@hotmail.com,$574.23 ,12/14/2023 7:50,"49.2416436224, -119.8864513024"
T-143-9672_108.68,Keith Vega,metus.urna@outlook.ca,$226.36 ,12/23/2023 3:23,"82.2345992192, 124.0273200128"
T-144-9739.636363636364_109.44,Megan Juarez,arcu.eu@yahoo.edu,$188.28 ,12/14/2023 15:13,"36.0735574016, 36.2655665152"
T-145-9807.272727272728_110.2,Violet Foreman,nunc.id@google.com,$179.90 ,1/11/2024 19:24,"-65.3963749376, 39.757210624"
T-146-9874.90909090909_110.96,Vincent Mccray,ligula@google.com,$238.26 ,1/30/2024 21:23,"-83.4851134464, 12.4309065728"
T-147-9942.545454545454_111.72,Arsenio Knapp,tristique.ac.eleifend@aol.com,$438.40 ,1/14/2024 9:46,"9.0841709568, 46.9682541568"
T-148-10010.181818181818_112.48,Claire Boyd,metus@hotmail.org,$343.02 ,1/27/2024 3:20,"32.7090349056, -168.448647168"
T-149-10077.818181818182_113.24,Lacey Zamora,mauris.erat.eget@outlook.edu,$290.14 ,12/22/2023 16:15,"10.114291712, -148.8317628416"
T-150-10145.454545454546_114,Alden Kramer,malesuada.integer.id@protonmail.org,$751.29 ,1/7/2024 16:28,"-80.1343720448, -89.8536009728"
T-151-10213.09090909091_114.76,Amity Quinn,nullam.suscipit@yahoo.org,$245.68 ,1/30/2024 0:11,"-39.9287359488, -7.36060416"
T-152-10280.727272727272_115.52,Dalton Stein,placerat.orci@google.org,$267.59 ,1/12/2024 1:41,"81.3466745856, 94.82781696"
T-153-10348.363636363636_116.28,Alec Hardin,pellentesque@yahoo.couk,$740.47 ,12/12/2023 20:02,"-74.5648495616, 126.6709920768"
T-154-10416_117.04,Oscar Mcdonald,non.dui@icloud.org,$673.20 ,1/31/2024 9:47,"80.2926186496, 78.9031031808"
T-155-10483.636363636364_117.8,Adrian Kemp,ac.turpis.egestas@hotmail.ca,$684.32 ,1/15/2024 22:55,"61.716634112, 166.8707198976"
T-156-10551.272727272728_118.56,Wilma Mcneil,nec@google.com,$581.62 ,12/8/2023 22:21,"77.5674207232, -164.2483487744"
T-157-10618.90909090909_119.32,Miriam Macias,eros.turpis.non@google.edu,$801.76 ,1/23/2024 10:22,"50.5381851136, -178.121475072"
T-158-10686.545454545454_120.08,Melanie Rice,ut.nisi.a@protonmail.couk,$136.55 ,12/20/2023 3:58,"88.831698944, 92.2948227072"
T-159-10754.181818181818_120.84,Elvis Carpenter,et.magnis@yahoo.couk,$300.18 ,1/2/2024 4:21,"-0.4303925248, -50.6919953408"
T-160-10821.818181818182_121.6,Nissim Jones,arcu.vel@icloud.net,$71.38 ,12/18/2023 19:40,"-37.7593138176, -44.9013614592"
T-161-10889.454545454546_122.36,Porter Peters,ante.maecenas@icloud.edu,$131.64 ,12/3/2023 0:34,"21.487191552, 29.7606934528"
T-162-10957.09090909091_123.12,Theodore Delaney,ipsum@google.edu,$629.33 ,12/22/2023 4:22,"-28.8185686016, -25.6276837376"
T-163-11024.727272727272_123.88,Signe Pugh,ante@outlook.com,$82.99 ,1/28/2024 11:50,"-87.8671883264, 113.6869414912"
T-164-11092.363636363636_124.64,Robin Hyde,sed.eu@aol.org,$537.37 ,12/28/2023 0:58,"-67.984003584, -91.0957171712"
T-165-11160_125.4,Rinah Spencer,facilisis.facilisis@aol.edu,$966.96 ,12/22/2023 20:44,"33.9510270976, 170.0990819328"
T-166-11227.636363636364_126.16,Lila Lewis,justo.eu@hotmail.edu,$57.77 ,12/21/2023 21:19,"-79.085828096, -88.2868747264"
T-167-11295.272727272728_126.92,Jermaine Gilbert,erat.vivamus.nisi@icloud.ca,$910.09 ,1/27/2024 13:23,"-12.6517625856, -71.7895007232"
T-168-11362.90909090909_127.68,Tyler Joyner,nibh.sit@yahoo.org,$744.09 ,12/3/2023 18:47,"73.2846620672, 53.9583210496"
T-169-11430.545454545454_128.44,Phoebe Saunders,magna@aol.couk,$940.39 ,12/24/2023 14:19,"64.3589312512, -73.3546309632"
T-170-11498.181818181818_129.2,Dane Ray,convallis.ligula@hotmail.com,$948.59 ,1/3/2024 5:43,"-31.2500146176, -67.3205587968"
T-171-11565.818181818182_129.96,Irma Franks,ligula.tortor.dictum@hotmail.ca,$787.65 ,1/9/2024 10:33,"20.6386460672, -109.8950391808"
T-172-11633.454545454546_130.72,Ingrid Marshall,vitae.diam@protonmail.net,$212.97 ,1/8/2024 2:28,"-69.1467541504, 68.943998976"
T-173-11701.09090909091_131.48,Arden Wells,imperdiet.dictum.magna@yahoo.net,$358.17 ,1/5/2024 16:13,"-86.3438774272, 98.8387347456"
T-174-11768.727272727272_132.24,Xantha Browning,scelerisque@hotmail.ca,$631.86 ,12/3/2023 9:55,"76.8941083648, -51.0922433536"
T-175-11836.363636363636_133,Ivy Greer,dapibus.rutrum@yahoo.edu,$38.19 ,1/11/2024 12:18,"1.45406208, 164.0912894976"
T-176-11904_133.76,Avram Giles,nunc@yahoo.org,$51.68 ,12/28/2023 10:19,"24.4213163008, -98.2390413312"
T-177-11971.636363636364_134.52,Fallon Alexander,morbi@icloud.net,$106.24 ,12/25/2023 5:11,"-28.1346599936, 75.6393604096"
T-178-12039.272727272728_135.28,Odessa O'Neill,orci.in.consequat@outlook.net,$36.08 ,12/3/2023 13:50,"8.5776492544, -125.8645624832"
T-179-12106.90909090909_136.04,Sage Mccray,a@outlook.org,$888.07 ,1/1/2024 17:47,"-69.5418322944, -162.4313071616"
T-180-12174.545454545454_136.8,Xenos Pollard,dolor.elit.pellentesque@google.edu,$836.79 ,12/1/2023 16:10,"-40.2540276736, -160.0480441344"
T-181-12242.181818181818_137.56,Ross Barrett,tincidunt.neque@outlook.net,$326.40 ,1/4/2024 14:45,"-17.720364032, 21.2033517568"
T-182-12309.818181818182_138.32,Alice Wolf,amet.faucibus.ut@aol.net,$524.29 ,1/24/2024 7:05,"-53.5636743168, -6.3649128448"
T-183-12377.454545454546_139.08,Oren Gilbert,aliquam.ultrices.iaculis@icloud.net,$517.50 ,12/2/2023 3:54,"-77.8676315136, -39.6712858624"
T-184-12445.09090909091_139.84,Noah Harris,eu@yahoo.org,$998.45 ,12/27/2023 13:13,"-27.0322859008, 97.315091968"
T-185-12512.727272727272_140.6,Zeph Benton,pellentesque.sed@google.couk,$572.40 ,1/12/2024 12:46,"2.8130599936, 152.2874025984"
T-186-12580.363636363636_141.36,Libby Clark,cursus.integer@yahoo.edu,$258.48 ,1/2/2024 18:42,"28.5240430592, -14.2520059904"
T-187-12648_142.12,Myles Luna,lorem.eget@icloud.net,$548.55 ,1/22/2024 6:16,"-21.3275155456, 117.8505039872"
T-188-12715.636363636364_142.88,Angela Cantu,tincidunt@google.edu,$266.14 ,1/17/2024 8:52,"-2.8951165952, 126.6186523648"
T-189-12783.272727272728_143.64,Avye Alford,ac.urna@google.net,$57.56 ,12/6/2023 20:41,"-47.1361625088, 27.4624925696"
T-190-12850.90909090909_144.4,Hilary Macdonald,iaculis.quis@aol.ca,$532.72 ,12/18/2023 16:55,"-51.317490688, 74.93474304"
T-191-12918.545454545454_145.16,Barrett Contreras,orci@outlook.ca,$965.37 ,1/8/2024 2:41,"47.7240569856, 51.9280739328"
T-192-12986.181818181818_145.92,Zephania Koch,nunc.nulla.vulputate@google.ca,$499.98 ,1/26/2024 17:43,"59.9224525824, 127.6451540992"
T-193-13053.818181818182_146.68,Lunea Burks,dolor.nulla@outlook.couk,$629.22 ,1/22/2024 3:46,"7.6135794688, -117.4717646848"
T-194-13121.454545454546_147.44,Keiko Sims,rutrum.urna@google.ca,$404.69 ,12/31/2023 13:48,"-4.2837265408, 96.817083904"
T-195-13189.09090909091_148.2,Paula Solis,etiam.bibendum@yahoo.net,$362.95 ,1/22/2024 14:18,"79.5824782336, 69.960830976"
T-196-13256.727272727272_148.96,Emma Mann,felis.purus.ac@hotmail.ca,$333.99 ,1/27/2024 22:03,"80.1910263808, -19.8161517568"
T-197-13324.363636363636_149.72,Zeus Pena,dapibus.quam@outlook.net,$37.75 ,1/27/2024 19:19,"-66.5538050048, 76.337457664"
T-198-13392_150.48,Lavinia Waters,accumsan@google.com,$704.88 ,12/13/2023 15:46,"-14.093292032, 54.4652572672"
T-199-13459.636363636364_151.24,Susan Ewing,ante.iaculis.nec@aol.couk,$691.49 ,1/25/2024 21:36,"20.8086916096, -67.6607413248"
T-200-13527.272727272728_152,Melvin Noble,donec@icloud.couk,$403.81 ,12/2/2023 1:04,"-11.6437538816, -61.6448684032"
T-201-13594.90909090909_10.266129032258064,Karleigh Gregory,non@hotmail.ca,$19.31 ,12/16/2023 4:35,"-21.0532011008, 45.010158592"
T-202-13662.545454545454_10.317204301075268,Ulric Greene,diam.proin@google.com,$469.68 ,1/23/2024 18:27,"54.3152059392, -136.1586522112"
T-203-13730.181818181818_10.368279569892474,Maggy Ratliff,ut.tincidunt@google.org,$456.02 ,12/5/2023 20:55,"19.9434750976, 5.3670360064"
T-204-13797.818181818182_10.419354838709678,Camilla Hebert,sollicitudin.commodo@hotmail.couk,$430.42 ,1/24/2024 9:20,"-65.348798976, 16.8771961856"
T-205-13865.454545454546_10.470430107526882,Aidan Sargent,urna.nunc@outlook.net,$966.20 ,1/27/2024 6:51,"-58.0588278784, 162.8801818624"
T-206-13933.09090909091_10.521505376344086,Nita Combs,id.nunc.interdum@hotmail.edu,$268.48 ,1/13/2024 13:59,"84.4289263616, 36.1219127296"
T-207-14000.727272727272_10.57258064516129,Ethan Moss,cursus.integer@aol.ca,$458.20 ,1/5/2024 8:50,"-12.940434432, 61.4311855104"
T-208-14068.363636363636_10.623655913978494,Guinevere Weiss,semper@yahoo.com,$905.71 ,12/17/2023 2:08,"8.5439363072, -150.2003059712"
T-209-14136_10.674731182795698,Halee Norris,volutpat@hotmail.couk,$251.54 ,1/5/2024 4:44,"81.2595265536, -170.4389815296"
T-210-14203.636363636364_10.725806451612904,Angelica Holloway,sem.ut@yahoo.org,$693.13 ,12/14/2023 8:09,"-28.53549312, 172.1391393792"
T-211-14271.272727272728_10.776881720430108,Linus Dixon,orci.luctus@google.couk,$534.78 ,12/29/2023 15:19,"-75.4690848768, 0.6864494592"
T-212-14338.90909090909_10.827956989247312,Jelani Ball,odio.phasellus@protonmail.ca,$895.08 ,1/11/2024 12:38,"11.0798429184, 38.0467091456"
T-213-14406.545454545454_10.879032258064516,Gannon Burgess,tellus.justo@google.edu,$827.43 ,1/9/2024 11:29,"31.9655955456, -134.3475113984"
T-214-14474.181818181818_10.93010752688172,Nell Campbell,ac.feugiat.non@hotmail.couk,$480.52 ,1/16/2024 5:49,"23.8737025024, -81.0130212864"
T-215-14541.818181818182_10.981182795698924,Jane Herring,elementum.at.egestas@hotmail.edu,$395.36 ,1/5/2024 11:40,"-64.152586752, 171.7465465856"
T-216-14609.454545454546_11.03225806451613,Ginger Chavez,dictum.placerat@protonmail.edu,$772.82 ,1/16/2024 15:53,"58.1314526208, -28.7073929216"
T-217-14677.09090909091_11.083333333333334,Reed Duke,facilisis@hotmail.net,$644.04 ,1/24/2024 10:12,"-89.4799148032, 39.5025000448"
T-218-14744.727272727272_11.134408602150538,Rinah Irwin,non.leo.vivamus@icloud.edu,$730.68 ,12/17/2023 13:28,"-59.2241467392, -99.1553210368"
T-219-14812.363636363636_11.185483870967742,Stacy Cross,eu.accumsan@google.couk,$220.53 ,12/9/2023 12:50,"-11.0515511296, 137.2593924096"
T-220-14880_11.236559139784946,Beck Davenport,tempor@aol.ca,$747.33 ,12/30/2023 6:58,"20.3479682048, 17.5546048512"
T-221-14947.636363636364_11.28763440860215,Jenna Church,id@google.couk,$45.39 ,1/6/2024 22:26,"45.6992586752, -131.2758308864"
T-222-15015.272727272728_11.338709677419354,Rinah Walter,mauris.sit@hotmail.com,$928.92 ,12/18/2023 19:32,"86.6466829312, 167.7660019712"
T-223-15082.90909090909_11.38978494623656,Colorado Tran,venenatis.lacus@hotmail.couk,$540.78 ,1/27/2024 21:58,"69.6185360384, 164.1619582976"
T-224-15150.545454545454_11.440860215053764,Raven Vincent,in.tincidunt.congue@hotmail.ca,$455.33 ,1/8/2024 1:11,"88.5502963712, -126.3566700544"
T-225-15218.181818181818_11.491935483870968,Kelsie Little,et.lacinia@aol.com,$725.52 ,12/29/2023 3:04,"-47.5702878208, -176.3981109248"
T-226-15285.818181818182_11.543010752688172,Iola Jenkins,nec.ligula@aol.net,$689.76 ,12/20/2023 17:05,"-68.0982585344, 59.470312448"
T-227-15353.454545454546_11.594086021505376,Alec Bell,mollis.non@outlook.edu,$684.74 ,1/2/2024 12:08,"-63.4223435776, -40.2803452928"
T-228-15421.09090909091_11.64516129032258,Carissa Vega,ullamcorper.duis@google.com,$671.94 ,12/21/2023 16:51,"-5.7623463936, -4.9481216"
T-229-15488.727272727272_11.696236559139784,Richard Wilcox,risus@icloud.ca,$937.75 ,12/3/2023 7:10,"26.464791552, -3.8941536256"
T-230-15556.363636363636_11.74731182795699,Victoria Guthrie,semper.et@yahoo.org,$804.63 ,1/12/2024 19:12,"-44.1650262016, -77.3194831872"
T-231-15624_11.798387096774194,Rana Pittman,lectus.rutrum@aol.ca,$268.98 ,1/25/2024 5:04,"12.1907815424, 105.5370315776"
T-232-15691.636363636364_11.849462365591398,Jaime Powell,tincidunt@icloud.edu,$883.28 ,1/16/2024 23:52,"-34.6500617216, -157.1731745792"
T-233-15759.272727272728_11.900537634408602,Amir Ball,aliquam.adipiscing.lobortis@protonmail.com,$85.60 ,12/16/2023 23:14,"8.7648464896, -163.1052563456"
T-234-15826.90909090909_11.951612903225806,Andrew Hooper,augue.sed.molestie@icloud.couk,$861.53 ,12/30/2023 4:14,"8.177841664, 50.5439818752"
T-235-15894.545454545454_12.00268817204301,Patricia Langley,sodales.at@hotmail.ca,$66.08 ,1/7/2024 9:34,"-37.9078020096, 139.0245599232"
T-236-15962.181818181818_12.053763440860216,Barry Osborn,eget.ipsum@hotmail.net,$527.18 ,12/24/2023 6:15,"-70.6598846464, 44.8008041472"
T-237-16029.818181818182_12.10483870967742,Abel Whitaker,laoreet.lectus@hotmail.couk,$638.40 ,1/18/2024 13:58,"53.5260833792, 137.9436790784"
T-238-16097.454545454546_12.155913978494624,Tanek Ingram,posuere.enim.nisl@icloud.couk,$154.89 ,1/5/2024 1:33,"44.1683127296, -153.5509169152"
T-239-16165.09090909091_12.206989247311828,Adele Kaufman,nisi.dictum@google.edu,$563.70 ,1/7/2024 17:08,"18.3545324544, -168.9282034688"
T-240-16232.727272727272_12.258064516129032,Berk Sampson,amet.luctus@aol.edu,$74.11 ,12/25/2023 21:16,"35.9914509312, -22.0827870208"
T-241-16300.363636363636_12.309139784946236,Lester Thornton,non.enim.mauris@outlook.edu,$362.35 ,12/7/2023 17:45,"46.0860803072, -142.7788923904"
T-242-16368_12.36021505376344,Harding Mcclain,dolor.egestas@yahoo.ca,$740.33 ,1/17/2024 13:42,"29.6843170816, -114.5921393664"
T-243-16435.636363636364_12.411290322580646,Lionel Martin,quis@aol.com,$270.64 ,12/27/2023 8:59,"77.5144332288, -154.2007617536"
T-244-16503.272727272728_12.46236559139785,Wylie Daniels,integer.vitae@hotmail.org,$87.07 ,1/10/2024 19:33,"40.7160245248, -134.7552733184"
T-245-16570.909090909092_12.513440860215054,Imelda Hatfield,convallis@protonmail.ca,$264.29 ,1/29/2024 5:06,"-45.2614477824, 43.820278784"
T-246-16638.545454545456_12.564516129032258,Baxter Ayala,vestibulum.nec.euismod@yahoo.edu,$185.75 ,12/12/2023 11:39,"67.5781113856, -129.7137152"
T-247-16706.18181818182_12.615591397849462,Logan Foley,sit.amet.consectetuer@protonmail.com,$774.50 ,12/8/2023 13:29,"44.540773376, 122.8678878208"
T-248-16773.81818181818_12.666666666666666,Naida Bartlett,vivamus.euismod@icloud.ca,$517.19 ,12/22/2023 21:23,"-50.7812467712, -166.064876544"
T-249-16841.454545454544_12.71774193548387,Linus Arnold,quisque@outlook.com,$804.12 ,12/22/2023 6:26,"-34.4976187392, -133.8630692864"
T-250-16909.090909090908_12.768817204301076,Tasha Maddox,risus.duis@google.org,$309.05 ,1/15/2024 17:00,"61.4596808704, -125.3191645184"
T-251-16976.727272727272_12.81989247311828,Amaya Goff,massa.lobortis@aol.ca,$367.04 ,1/13/2024 12:44,"46.0065835008, -45.0996185088"
T-252-17044.363636363636_12.870967741935484,Wade Tucker,velit.egestas@aol.couk,$697.19 ,1/15/2024 21:06,"-74.0262752256, 33.6009065472"
T-253-17112_12.922043010752688,Paki Sutton,in.consequat@google.net,$98.32 ,12/15/2023 3:51,"-76.8407912448, 65.0819421184"
T-254-17179.636363636364_12.973118279569892,Erin Cameron,sem.consequat@hotmail.ca,$591.90 ,12/5/2023 9:11,"-46.4195429376, 94.5113603072"
T-255-17247.272727272728_13.024193548387096,Wendy Riggs,quisque.nonummy.ipsum@protonmail.org,$128.92 ,12/4/2023 2:17,"-30.42308096, -160.8777979904"
T-256-17314.909090909092_13.075268817204302,Dean Jordan,a.aliquet.vel@protonmail.net,$599.48 ,1/16/2024 12:27,"-27.025980928, 5.000574976"
T-257-17382.545454545456_13.126344086021506,Lillith Brennan,eu.arcu.morbi@aol.org,$168.79 ,1/31/2024 11:59,"31.7091063808, 1.966582272"
T-258-17450.18181818182_13.17741935483871,Odette Mcpherson,donec.egestas.duis@hotmail.org,$764.84 ,1/18/2024 6:08,"44.5744208896, -72.5195311104"
T-259-17517.81818181818_13.228494623655914,Allen Horton,magna.praesent.interdum@hotmail.edu,$278.91 ,12/26/2023 2:15,"-44.4822542336, 179.0618684416"
T-41-2773.090909090909_31.16,Abdul Ball,quis.lectus@google.com,$448.76 ,12/30/2023 15:03,"75.92361728, -4.9287332864"
T-260-17585.454545454544_13.279569892473118,Luke Gross,donec.consectetuer.mauris@outlook.org,$697.10 ,12/12/2023 19:55,"19.2895062016, -135.7161076736"
T-261-17653.090909090908_13.330645161290322,Carter Hartman,vel.pede@aol.edu,$884.76 ,12/11/2023 9:48,"72.6565229568, -133.0817764352"
T-262-17720.727272727272_13.381720430107526,Logan Moreno,non@icloud.couk,$664.06 ,12/28/2023 22:24,"-61.2609257472, 144.883958784"
T-263-17788.363636363636_13.432795698924732,Rooney Alston,donec.dignissim@icloud.org,$691.92 ,1/15/2024 13:51,"78.9000588288, 43.539485184"
T-264-17856_13.483870967741936,Adena Wade,pharetra.felis@yahoo.com,$651.80 ,1/7/2024 17:58,"23.133469184, -16.377469952"
T-265-17923.636363636364_13.53494623655914,Owen Stephenson,penatibus@yahoo.ca,$269.71 ,12/21/2023 4:12,"-5.6758995968, 165.6462923776"
T-266-17991.272727272728_13.586021505376344,Leigh Pearson,enim.sed@icloud.ca,$990.81 ,12/22/2023 14:27,"-79.3236161536, -150.7932788736"
T-267-18058.909090909092_13.637096774193548,Colorado Tran,commodo@outlook.org,$594.74 ,1/22/2024 16:40,"53.0576308224, -124.3934739456"
T-268-18126.545454545456_13.688172043010752,Portia Moreno,neque@hotmail.net,$42.98 ,12/28/2023 15:15,"65.3042833408, 57.7126116352"
T-269-18194.18181818182_13.739247311827956,Amethyst Kelley,est.mauris@yahoo.net,$874.57 ,1/12/2024 19:21,"-31.1404219392, 156.5443647488"
T-270-18261.81818181818_13.790322580645162,Diana Garner,et@aol.net,$787.13 ,12/22/2023 23:14,"-75.4922391552, 134.9668324352"
T-271-18329.454545454544_13.841397849462366,Amery Torres,cum@hotmail.net,$463.87 ,12/16/2023 9:59,"-20.7425810432, -55.2573725696"
T-272-18397.090909090908_13.89247311827957,Hanna Spence,a.nunc.in@google.edu,$889.98 ,12/8/2023 20:25,"-15.9382797312, -44.9293046784"
T-273-18464.727272727272_13.943548387096774,Bethany Dorsey,a@icloud.edu,$436.95 ,12/15/2023 17:50,"10.5005377536, -149.2870767616"
T-274-18532.363636363636_13.994623655913978,Michael Sampson,diam.at@yahoo.ca,$662.40 ,1/27/2024 18:16,"27.1950296064, -160.1405923328"
T-275-18600_14.045698924731182,Amos Howard,pellentesque.ut.ipsum@aol.edu,$309.57 ,12/6/2023 7:27,"71.0471099392, 47.1441488896"
T-276-18667.636363636364_14.096774193548388,Phelan Wyatt,aenean@google.edu,$624.41 ,12/5/2023 6:23,"28.5563833344, 157.4771648512"
T-277-18735.272727272728_14.147849462365592,Noelani Justice,turpis@icloud.net,$753.75 ,1/5/2024 15:26,"15.9092506624, 124.5158943744"
T-278-18802.909090909092_14.198924731182796,Dalton Fuller,sollicitudin.adipiscing@hotmail.org,$89.35 ,12/6/2023 16:32,"48.5679290368, -60.8566066176"
T-279-18870.545454545456_14.25,Odette Newton,ante.dictum.cursus@protonmail.com,$852.46 ,1/14/2024 22:24,"9.124040704, -100.463281152"
T-280-18938.18181818182_14.301075268817204,Iris Cross,amet@google.ca,$586.27 ,12/20/2023 5:18,"78.614287872, -5.0116680704"
T-281-19005.81818181818_14.352150537634408,Signe Fuentes,faucibus.morbi@icloud.edu,$143.70 ,12/14/2023 10:52,"-43.8377705472, 26.6736324608"
T-282-19073.454545454544_14.403225806451612,Declan Reilly,id@protonmail.net,$997.10 ,12/5/2023 5:05,"-41.3149969408, 172.5562124288"
T-283-19141.090909090908_14.454301075268818,Jordan Massey,aliquam.adipiscing@icloud.com,$337.92 ,1/10/2024 21:12,"67.1331463168, -59.0826085376"
T-284-19208.727272727272_14.505376344086022,Ariel Castillo,velit.eget@google.ca,$634.47 ,1/18/2024 11:29,"59.228955136, 120.502652928"
T-285-19276.363636363636_14.556451612903226,Hilel Hart,arcu.vestibulum@google.couk,$275.57 ,1/14/2024 4:12,"-51.643784192, 11.7692507136"
T-286-19344_14.60752688172043,Halla Branch,in.dolor.fusce@aol.couk,$604.44 ,1/3/2024 5:49,"51.4724378624, -105.2991290368"
T-287-19411.636363636364_14.658602150537634,Dorothy Lindsay,mauris@yahoo.couk,$519.22 ,1/6/2024 3:14,"37.543744, 59.6807025664"
T-288-19479.272727272728_14.709677419354838,Byron Barnett,facilisis.vitae@icloud.com,$983.15 ,1/4/2024 23:03,"10.0530173952, 93.7937980416"
T-289-19546.909090909092_14.760752688172044,Roanna Velasquez,cras.pellentesque.sed@aol.edu,$776.18 ,1/1/2024 21:20,"-37.796530176, 23.6695759872"
T-290-19614.545454545456_14.811827956989248,Kirestin Rodgers,cras@outlook.org,$424.74 ,1/21/2024 17:39,"51.3090291712, 176.6334048256"
T-291-19682.18181818182_14.862903225806452,Ainsley Carroll,mauris.eu@outlook.org,$330.14 ,1/24/2024 16:21,"77.3897522176, 10.64787968"
T-292-19749.81818181818_14.913978494623656,Quemby Lambert,vitae.erat@outlook.com,$294.92 ,1/21/2024 23:17,"13.3443542016, -47.86900736"
T-293-19817.454545454544_14.96505376344086,Ryan Norris,non@yahoo.ca,$56.14 ,12/9/2023 16:58,"15.3771977728, 64.3513183232"
T-294-19885.090909090908_15.016129032258064,Kerry Chaney,mi.lorem.vehicula@aol.net,$85.97 ,1/11/2024 22:32,"78.7534070784, -161.2948616192"
T-295-19952.727272727272_15.067204301075268,Lesley Strong,molestie.arcu@google.couk,$729.72 ,12/1/2023 20:07,"-20.0847755264, 96.126580224"
T-296-20020.363636363636_15.118279569892474,Fritz Acevedo,sociis.natoque.penatibus@aol.com,$166.65 ,12/22/2023 12:16,"-5.8209769472, 22.4480396288"
T-297-20088_15.169354838709678,Jerry Casey,mauris.id.sapien@yahoo.net,$239.39 ,1/13/2024 19:37,"48.7364829184, 1.3586195456"
T-298-20155.636363636364_15.220430107526882,Kaye Guerrero,auctor@yahoo.edu,$331.01 ,12/23/2023 23:12,"-87.531718144, 178.7733715968"
T-299-20223.272727272728_15.271505376344086,Rogan Talley,elit.pede@hotmail.org,$309.14 ,1/22/2024 22:29,"89.676676096, 19.6968794112"
T-300-20290.909090909092_15.32258064516129,Jacob Newman,sit.amet.ultricies@yahoo.com,$518.24 ,1/2/2024 5:13,"39.974222336, -142.4785491968"
